PLAYER_NAME,GROUP_SET,GROUP_VALUE,TEAM_ID,TEAM_ABBREVIATION,MAX_GAME_DATE,GP,W,L,W_PCT,MIN,FGM,FGA,FG_PCT,FG3M,FG3A,FG3_PCT,FTM,FTA,FT_PCT,OREB,DREB,REB,AST,TOV,STL,BLK,BLKA,PF,PFD,PTS,PLUS_MINUS,NBA_FANTASY_PTS,DD2,TD3,WNBA_FANTASY_PTS,GP_RANK,W_RANK,L_RANK,W_PCT_RANK,MIN_RANK,FGM_RANK,FGA_RANK,FG_PCT_RANK,FG3M_RANK,FG3A_RANK,FG3_PCT_RANK,FTM_RANK,FTA_RANK,FT_PCT_RANK,OREB_RANK,DREB_RANK,REB_RANK,AST_RANK,TOV_RANK,STL_RANK,BLK_RANK,BLKA_RANK,PF_RANK,PFD_RANK,PTS_RANK,PLUS_MINUS_RANK,NBA_FANTASY_PTS_RANK,DD2_RANK,TD3_RANK,WNBA_FANTASY_PTS_RANK
Kyle Lowry,By Year,2023-24,-1,TOT,2024-04-14T00:00:00,60,32,28,0.533,28.2,2.7,6.3,0.432,1.6,4.2,0.392,1.1,1.3,0.84,0.6,2.7,3.2,4.2,1.4,1.0,0.4,0.3,2.4,1.7,8.1,0.0,20.9,3,0,19.9,2,1,2,1,1,1,1,2,1,1,1,2,2,1,1,1,1,1,2,1,1,2,1,2,1,1,1,1,1,1
Kyle Lowry,By Year,2023-24,1610612755,PHI,2024-04-14T00:00:00,23,11,12,0.478,28.4,2.6,5.9,0.444,1.6,3.9,0.404,1.2,1.4,0.848,0.4,2.4,2.8,4.6,1.4,0.9,0.3,0.2,2.3,1.8,8.0,-0.5,20.3,2,0,19.3,20,20,19,15,14,18,17,3,14,15,2,19,19,8,19,16,18,14,18,20,15,21,16,19,17,18,17,13,14,17
Kyle Lowry,By Year,2023-24,1610612748,MIA,2024-01-21T00:00:00,37,21,16,0.568,28.0,2.8,6.5,0.426,1.7,4.4,0.385,0.9,1.1,0.833,0.7,2.8,3.5,4.0,1.4,1.1,0.4,0.4,2.5,1.7,8.2,0.4,21.3,1,0,20.2,17,15,18,10,15,15,16,10,13,13,6,20,20,9,13,14,15,16,17,14,4,17,14,20,16,16,16,16,14,14
Kyle Lowry,By Year,2022-23,1610612748,MIA,2023-04-09T00:00:00,55,30,25,0.545,31.2,3.6,8.8,0.404,1.9,5.6,0.345,2.1,2.5,0.859,0.8,3.3,4.1,5.1,1.9,1.0,0.4,0.4,2.6,2.5,11.2,1.0,26.1,2,1,25.2,13,11,9,11,12,13,13,17,9,9,15,17,17,4,9,12,13,13,13,15,5,16,11,18,13,12,13,13,8,13
Kyle Lowry,By Year,2021-22,1610612748,MIA,2022-04-08T00:00:00,63,41,22,0.651,33.9,4.4,10.0,0.44,2.3,6.1,0.377,2.3,2.8,0.851,0.5,4.0,4.5,7.5,2.7,1.1,0.3,0.3,2.8,3.6,13.4,4.0,31.4,16,2,30.3,10,6,13,6,9,11,11,4,8,8,8,16,16,7,16,7,11,2,7,13,13,18,8,12,11,8,10,4,2,10
Kyle Lowry,By Year,2020-21,1610612761,TOR,2021-05-02T00:00:00,46,15,31,0.326,34.8,5.7,13.0,0.436,2.8,7.2,0.396,3.0,3.5,0.875,0.8,4.6,5.4,7.3,2.7,1.0,0.3,0.5,3.1,4.3,17.2,-0.1,35.8,9,2,35.3,16,17,6,18,5,6,6,5,3,4,4,8,10,2,11,2,2,5,6,17,11,12,4,6,6,17,7,11,2,5
Kyle Lowry,By Year,2019-20,1610612761,TOR,2020-08-12T00:00:00,58,41,17,0.707,36.2,5.8,13.8,0.416,2.8,8.0,0.352,5.1,5.9,0.857,0.6,4.5,5.0,7.5,3.1,1.4,0.4,0.8,3.3,5.6,19.4,4.7,39.2,15,2,38.5,12,6,17,4,4,5,4,12,4,1,13,2,3,5,15,3,3,3,1,6,2,5,2,2,3,6,3,5,2,3
Kevin Durant,By Year,2023-24,1610612756,PHX,2024-04-14T00:00:00,75,44,31,0.587,37.2,10.0,19.1,0.523,2.2,5.4,0.413,4.8,5.6,0.856,0.5,6.1,6.6,5.0,3.3,0.9,1.2,0.7,1.8,4.8,27.1,3.9,45.7,14,1,45.2,7,10,4,15,8,4,7,6,8,7,7,18,17,15,11,12,12,7,9,10,8,6,13,12,9,14,11,11,6,11
Kevin Durant,By Year,2022-23,-1,TOT,2023-04-06T00:00:00,47,34,13,0.723,35.6,10.3,18.3,0.56,2.0,4.9,0.404,6.5,7.1,0.919,0.4,6.3,6.7,5.0,3.3,0.7,1.4,0.5,2.1,5.8,29.1,5.5,47.7,5,1,47.0,1,1,1,1,1,1,1,1,1,1,1,1,1,1,1,1,1,1,1,1,1,1,1,1,1,1,1,1,1,1
Kevin Durant,By Year,2022-23,1610612756,PHX,2023-04-06T00:00:00,8,8,0,1.0,33.7,9.1,16.0,0.57,2.8,5.1,0.537,5.0,6.0,0.833,0.4,6.0,6.4,3.5,2.5,0.3,1.3,0.5,0.9,4.6,26.0,8.6,40.9,0,0,41.6,18,18,18,1,16,12,18,1,1,11,1,15,14,18,15,13,15,13,17,18,6,15,18,15,13,4,16,18,10,16
Kevin Durant,By Year,2022-23,1610612751,BKN,2023-01-08T00:00:00,39,26,13,0.667,36.0,10.5,18.8,0.559,1.8,4.8,0.376,6.8,7.3,0.934,0.4,6.4,6.7,5.3,3.5,0.8,1.5,0.5,2.4,6.0,29.7,4.8,49.1,5,1,48.1,15,13,14,9,10,1,8,2,13,14,13,5,7,1,18,9,11,6,3,13,3,11,1,4,4,13,4,14,6,4
Kevin Durant,By Year,2021-22,1610612751,BKN,2022-04-10T00:00:00,55,36,19,0.655,37.2,10.5,20.3,0.518,2.1,5.5,0.383,6.8,7.4,0.91,0.5,6.9,7.4,6.4,3.5,0.9,0.9,0.7,2.1,5.9,29.9,4.9,50.3,18,4,49.4,14,11,11,13,7,2,3,8,9,6,12,6,6,2,12,5,6,1,4,12,14,5,4,5,3,12,2,6,1,2
Kevin Durant,By Year,2020-21,1610612751,BKN,2021-05-16T00:00:00,35,23,12,0.657,33.1,9.3,17.2,0.537,2.4,5.4,0.45,6.0,6.8,0.882,0.4,6.7,7.1,5.6,3.4,0.7,1.3,0.7,2.0,5.3,26.9,8.0,46.3,12,0,46.0,16,14,15,12,18,10,15,3,5,8,2,10,10,8,16,6,8,3,7,17,5,4,7,6,10,6,10,13,10,9
Anthony Davis,By Year,2023-24,1610612747,LAL,2024-04-14T00:00:00,76,45,31,0.592,35.5,9.4,16.9,0.556,0.4,1.4,0.271,5.5,6.8,0.816,3.1,9.5,12.6,3.5,2.1,1.2,2.3,1.1,2.3,5.4,24.7,2.0,53.6,64,2,48.3,1,2,5,5,4,7,12,2,9,10,7,7,8,3,2,1,1,3,7,11,5,1,8,9,7,7,3,1,1,5
Anthony Davis,By Year,2022-23,1610612747,LAL,2023-04-09T00:00:00,56,31,25,0.554,34.0,9.7,17.2,0.563,0.3,1.3,0.257,6.2,7.9,0.784,3.5,9.1,12.5,2.6,2.2,1.1,2.0,1.0,2.6,5.9,25.9,3.7,52.0,40,0,47.6,9,5,9,8,10,3,9,1,10,11,9,4,4,9,1,3,2,8,5,13,12,2,2,6,5,4,6,5,4,6
Anthony Davis,By Year,2021-22,1610612747,LAL,2022-04-05T00:00:00,40,17,23,0.425,35.1,9.3,17.4,0.532,0.3,1.8,0.186,4.4,6.1,0.713,2.7,7.2,9.9,3.1,2.1,1.2,2.3,0.5,2.4,5.1,23.2,-2.3,47.9,19,0,43.4,12,13,10,11,7,8,8,5,11,9,12,12,11,13,6,10,11,7,9,10,7,14,6,11,10,12,9,12,4,10
Anthony Davis,By Year,2020-21,1610612747,LAL,2021-05-16T00:00:00,36,23,13,0.639,32.3,8.4,17.0,0.491,0.7,2.8,0.26,4.4,5.9,0.738,1.7,6.2,7.9,3.1,2.1,1.3,1.6,0.7,1.7,4.9,21.8,3.2,42.6,12,0,39.3,13,11,13,3,12,11,10,13,5,3,8,11,12,12,13,13,14,6,8,9,14,10,14,12,11,5,13,13,4,13
Anthony Davis,By Year,2019-20,1610612747,LAL,2020-08-10T00:00:00,62,46,16,0.742,34.4,8.9,17.7,0.503,1.2,3.5,0.33,7.2,8.5,0.846,2.3,7.0,9.3,3.2,2.5,1.5,2.3,0.7,2.5,6.5,26.1,3.9,50.9,29,0,47.3,7,1,12,1,8,10,6,11,1,1,3,1,2,1,11,11,12,5,1,4,6,11,3,4,3,3,8,10,4,7
Russell Westbrook,By Year,2023-24,1610612746,LAC,2024-04-12T00:00:00,68,45,23,0.662,22.5,4.4,9.8,0.454,0.6,2.3,0.273,1.6,2.4,0.688,1.4,3.7,5.0,4.5,2.1,1.1,0.3,0.6,1.8,1.8,11.1,1.5,26.1,8,1,24.1,11,8,13,6,18,18,18,5,15,15,15,18,18,12,14,12,12,18,18,16,10,17,18,18,18,11,18,16,13,18
Russell Westbrook,By Year,2022-23,-1,TOT,2023-04-09T00:00:00,73,36,37,0.493,29.1,5.9,13.6,0.436,1.2,3.9,0.311,2.8,4.3,0.656,1.2,4.6,5.8,7.5,3.5,1.0,0.5,1.1,2.2,2.9,15.9,-0.3,35.1,24,4,33.4,1,1,1,1,1,1,1,1,1,1,1,1,1,1,1,1,1,1,1,1,1,1,1,1,1,1,1,1,1,1
Russell Westbrook,By Year,2022-23,1610612746,LAC,2023-04-09T00:00:00,21,11,10,0.524,30.2,6.1,12.5,0.489,1.2,3.5,0.356,2.4,3.6,0.658,1.4,3.4,4.9,7.6,3.4,1.1,0.5,0.6,2.0,2.8,15.8,1.1,34.4,7,0,32.7,18,18,18,14,15,13,16,1,8,12,1,16,16,15,12,14,16,9,13,15,2,18,17,16,15,13,15,17,17,15
Russell Westbrook,By Year,2022-23,1610612747,LAL,2023-02-07T00:00:00,52,25,27,0.481,28.7,5.8,14.0,0.417,1.2,4.1,0.296,3.0,4.6,0.655,1.1,5.0,6.2,7.5,3.5,1.0,0.4,1.3,2.3,2.9,15.9,-0.8,35.4,17,4,33.7,16,16,9,15,16,15,14,17,10,7,13,15,15,18,18,9,9,10,12,17,4,3,13,15,14,15,14,12,9,13
Russell Westbrook,By Year,2021-22,1610612747,LAL,2022-04-05T00:00:00,78,31,47,0.397,34.3,7.0,15.8,0.444,1.0,3.4,0.298,3.4,5.1,0.667,1.4,6.0,7.4,7.1,3.8,1.0,0.3,1.1,3.0,3.9,18.5,-2.7,37.8,28,10,36.4,8,14,2,17,11,12,12,8,12,13,10,14,14,13,13,6,7,12,10,18,13,10,3,13,12,17,12,8,7,12
Russell Westbrook,By Year,2020-21,1610612764,WAS,2021-05-16T00:00:00,65,30,35,0.462,36.4,8.4,19.0,0.439,1.3,4.2,0.315,4.2,6.4,0.656,1.7,9.9,11.5,11.7,4.8,1.4,0.4,1.1,2.9,4.8,22.2,-1.4,54.1,59,38,50.3,14,15,3,16,1,7,7,10,4,6,8,11,9,17,8,1,1,1,2,12,8,8,4,7,9,16,4,2,2,4
Russell Westbrook,By Year,2019-20,1610612745,HOU,2020-08-11T00:00:00,57,36,21,0.632,36.0,10.6,22.5,0.472,1.0,3.7,0.258,5.1,6.7,0.763,1.8,6.2,7.9,7.0,4.5,1.6,0.4,1.4,3.5,4.7,27.2,2.2,48.8,22,8,47.1,15,12,15,7,4,1,2,2,13,10,17,9,7,10,5,5,5,13,4,9,9,1,1,8,3,10,7,11,8,7
Klay Thompson,By Year,2023-24,1610612744,GSW,2024-04-14T00:00:00,77,41,36,0.532,29.7,6.4,14.7,0.432,3.5,9.0,0.387,1.6,1.8,0.927,0.5,2.8,3.3,2.3,1.5,0.6,0.5,0.4,1.6,1.2,17.9,0.1,27.0,0,0,29.1,6,8,3,9,9,9,9,9,3,3,11,7,8,1,7,9,9,6,9,11,9,11,9,10,9,10,10,5,1,9
Klay Thompson,By Year,2022-23,1610612744,GSW,2023-04-09T00:00:00,69,38,31,0.551,33.0,7.9,18.1,0.436,4.4,10.6,0.412,1.7,1.9,0.879,0.6,3.6,4.1,2.4,1.8,0.7,0.4,0.5,1.9,1.3,21.9,2.4,32.0,2,0,35.0,10,9,5,8,7,4,1,8,1,1,7,5,7,5,3,1,1,5,3,9,10,7,6,8,3,7,5,1,1,1
Klay Thompson,By Year,2021-22,1610612744,GSW,2022-04-10T00:00:00,32,17,15,0.531,29.4,7.7,17.9,0.429,3.6,9.3,0.385,1.4,1.6,0.902,0.5,3.4,3.9,2.8,1.3,0.5,0.5,0.4,1.7,1.3,20.4,2.1,30.9,0,0,32.7,12,12,9,10,10,7,3,10,2,2,12,9,9,3,6,2,2,2,11,12,5,9,8,9,6,8,6,5,1,6
Nikola Jokic,By Year,2023-24,1610612743,DEN,2024-04-14T00:00:00,79,55,24,0.696,34.6,10.4,17.9,0.583,1.1,2.9,0.359,4.5,5.5,0.817,2.8,9.5,12.4,9.0,3.0,1.4,0.9,0.9,2.5,5.4,26.4,8.6,58.3,68,25,53.2,3,1,8,1,2,2,3,3,6,7,5,5,4,6,5,3,3,3,7,3,1,4,9,5,3,2,3,1,3,3
Nikola Jokic,By Year,2022-23,1610612743,DEN,2023-04-08T00:00:00,69,48,21,0.696,33.7,9.4,14.8,0.632,0.8,2.2,0.383,4.9,6.0,0.822,2.4,9.4,11.8,9.8,3.6,1.3,0.7,0.7,2.5,5.7,24.5,9.3,55.7,58,29,50.9,10,3,10,2,4,5,6,1,8,8,4,3,3,4,8,4,4,2,2,6,6,7,8,4,5,1,4,5,2,4
Nikola Jokic,By Year,2021-22,1610612743,DEN,2022-04-07T00:00:00,74,46,28,0.622,33.5,10.3,17.7,0.583,1.3,3.9,0.337,5.1,6.3,0.81,2.8,11.0,13.8,7.9,3.8,1.5,0.9,0.9,2.6,6.5,27.1,6.0,58.6,66,19,54.7,5,5,4,7,5,3,4,2,3,2,6,2,2,9,6,1,1,5,1,2,2,2,7,1,2,4,2,2,4,2
Nikola Jokic,By Year,2020-21,1610612743,DEN,2021-05-16T00:00:00,72,47,25,0.653,34.6,10.2,18.0,0.566,1.3,3.3,0.388,4.8,5.5,0.868,2.8,8.0,10.8,8.3,3.1,1.3,0.7,0.9,2.7,5.8,26.4,5.3,54.7,60,16,50.8,8,4,7,5,3,4,2,6,4,6,3,4,5,1,4,6,5,4,6,5,7,3,5,3,4,5,5,3,5,5
Nikola Jokic,By Year,2019-20,1610612743,DEN,2020-08-14T00:00:00,73,46,27,0.63,32.0,7.7,14.7,0.528,1.1,3.5,0.314,3.4,4.1,0.817,2.3,7.5,9.7,7.0,3.1,1.2,0.6,0.4,3.0,5.0,19.9,3.5,44.4,43,13,41.3,6,5,5,6,7,6,7,7,5,4,9,8,8,7,9,8,9,7,5,8,10,10,1,8,7,9,7,7,6,7
Kyrie Irving,By Year,2023-24,1610612742,DAL,2024-04-10T00:00:00,58,39,19,0.672,35.0,9.7,19.5,0.497,3.0,7.3,0.411,3.3,3.6,0.905,0.8,4.2,5.0,5.2,1.8,1.3,0.5,0.7,1.9,3.1,25.6,4.8,42.8,5,0,42.3,7,4,8,4,8,6,6,3,3,4,3,13,14,7,9,1,3,12,15,9,7,14,15,13,6,4,7,6,4,7
Kyrie Irving,By Year,2022-23,-1,TOT,2023-04-05T00:00:00,60,32,28,0.533,37.3,9.9,20.1,0.494,3.1,8.3,0.379,4.1,4.6,0.905,1.0,4.1,5.1,5.5,2.1,1.1,0.8,0.9,2.8,3.6,27.1,3.7,44.8,5,0,44.5,1,1,1,1,1,1,1,1,1,1,1,1,1,1,1,1,1,1,1,1,1,1,1,1,1,1,1,1,1,1
Kyrie Irving,By Year,2022-23,1610612742,DAL,2023-04-05T00:00:00,20,8,12,0.4,38.1,9.8,19.2,0.51,2.9,7.4,0.392,4.5,4.7,0.947,1.1,4.0,5.0,6.0,1.9,1.3,0.6,1.0,2.8,3.7,27.0,4.8,45.7,2,0,44.6,14,14,14,11,1,5,7,1,4,3,11,2,5,1,4,4,3,4,14,10,3,6,1,5,4,3,2,10,4,4
Kyrie Irving,By Year,2022-23,1610612751,BKN,2023-02-01T00:00:00,40,24,16,0.6,36.9,10.0,20.5,0.486,3.3,8.7,0.374,4.0,4.5,0.883,1.0,4.2,5.1,5.3,2.3,1.0,0.8,0.9,2.7,3.6,27.1,3.2,44.4,3,0,44.4,12,10,11,7,3,3,3,6,2,1,13,8,7,10,6,2,2,10,12,15,1,7,3,8,3,10,5,8,4,5
Kyrie Irving,By Year,2021-22,1610612751,BKN,2022-04-10T00:00:00,29,14,15,0.483,37.6,10.0,21.2,0.469,3.4,8.2,0.418,4.1,4.4,0.915,0.6,3.8,4.4,5.8,2.5,1.4,0.6,0.9,2.8,3.8,27.4,4.2,44.8,2,0,45.0,13,13,13,10,2,2,1,10,1,2,1,7,8,5,14,6,8,8,6,5,4,8,2,3,1,8,4,10,4,2
Kyrie Irving,By Year,2020-21,1610612751,BKN,2021-05-16T00:00:00,54,36,18,0.667,34.9,10.2,20.1,0.506,2.8,7.0,0.402,3.7,4.0,0.922,1.0,3.8,4.8,6.0,2.4,1.4,0.7,1.0,2.6,3.4,26.9,4.2,45.5,8,0,44.6,8,7,10,5,9,1,4,2,6,7,5,11,11,2,5,7,7,4,9,6,2,5,5,9,5,7,3,2,4,3
Kyrie Irving,By Year,2019-20,1610612751,BKN,2020-02-01T00:00:00,20,8,12,0.4,32.9,10.0,20.8,0.478,2.8,7.1,0.394,4.7,5.1,0.922,1.1,4.1,5.2,6.4,2.6,1.4,0.5,0.8,2.7,4.8,27.4,-0.4,46.1,3,1,45.5,14,14,14,11,12,3,2,7,7,6,10,1,1,3,2,3,1,2,4,7,6,11,4,1,2,12,1,8,1,1
Chris Paul,By Year,2023-24,1610612744,GSW,2024-04-14T00:00:00,58,33,25,0.569,26.4,3.6,8.1,0.441,1.3,3.6,0.371,0.7,0.9,0.827,0.3,3.6,3.9,6.8,1.3,1.2,0.1,0.2,1.9,1.0,9.2,1.9,26.6,5,0,23.8,17,17,9,14,20,19,19,15,10,10,9,20,20,19,20,15,17,19,20,20,14,15,19,20,19,15,20,20,12,20
Chris Paul,By Year,2022-23,1610612756,PHX,2023-04-06T00:00:00,59,33,26,0.559,32.0,5.0,11.3,0.44,1.7,4.4,0.375,2.3,2.7,0.831,0.5,3.8,4.3,8.9,1.9,1.5,0.4,0.1,2.1,2.4,13.9,1.4,36.1,17,0,32.5,16,17,6,16,14,18,18,16,6,6,8,18,17,18,14,11,12,14,18,17,1,20,16,18,18,16,18,16,12,18
Chris Paul,By Year,2021-22,1610612756,PHX,2022-04-08T00:00:00,65,53,12,0.815,32.9,5.6,11.3,0.493,1.0,3.1,0.317,2.6,3.1,0.837,0.3,4.0,4.4,10.8,2.4,1.9,0.3,0.2,2.1,3.2,14.7,7.1,40.3,34,2,35.2,11,3,19,2,11,14,17,3,16,15,19,16,16,17,19,7,10,3,8,13,3,16,17,16,17,6,12,6,2,12
Chris Paul,By Year,2020-21,1610612756,PHX,2021-05-15T00:00:00,70,49,21,0.7,31.4,6.3,12.6,0.499,1.5,3.7,0.395,2.4,2.6,0.934,0.4,4.1,4.5,8.9,2.2,1.4,0.3,0.1,2.4,2.7,16.4,4.4,37.9,25,1,34.6,8,7,14,6,18,9,12,2,9,9,4,17,18,1,18,6,8,13,14,18,4,17,12,17,13,13,15,10,4,15
Chris Paul,By Year,2019-20,1610612760,OKC,2020-08-12T00:00:00,70,44,26,0.629,31.5,6.2,12.7,0.489,1.6,4.3,0.365,3.6,4.0,0.907,0.4,4.6,5.0,6.7,2.3,1.6,0.2,0.1,2.3,3.5,17.6,4.7,36.6,10,0,34.4,8,10,6,11,16,10,11,5,8,7,14,11,12,4,17,3,4,20,12,16,10,18,15,14,10,11,17,19,12,16
Giannis Antetokounmpo,By Year,2023-24,1610612749,MIL,2024-04-09T00:00:00,73,45,28,0.616,35.2,11.5,18.8,0.611,0.5,1.7,0.274,7.0,10.7,0.657,2.7,8.8,11.5,6.5,3.4,1.2,1.1,1.2,2.9,8.3,30.4,4.6,57.4,57,10,53.5,6,4,6,6,4,2,4,1,9,8,7,3,3,9,1,7,6,1,4,4,8,3,9,3,2,7,1,1,2,2
Giannis Antetokounmpo,By Year,2022-23,1610612749,MIL,2023-04-04T00:00:00,63,47,16,0.746,32.1,11.2,20.3,0.553,0.7,2.7,0.275,7.9,12.3,0.645,2.2,9.6,11.8,5.7,3.9,0.8,0.8,1.3,3.1,9.0,31.1,5.4,54.8,46,6,52.6,10,3,10,3,9,3,1,7,4,5,6,2,1,10,5,5,4,6,1,11,11,2,5,1,1,5,6,5,4,5
Giannis Antetokounmpo,By Year,2021-22,1610612749,MIL,2022-04-08T00:00:00,67,45,22,0.672,32.9,10.3,18.6,0.553,1.1,3.6,0.293,8.3,11.4,0.722,2.0,9.6,11.6,5.8,3.3,1.1,1.4,0.9,3.2,8.8,29.9,5.9,56.5,46,4,53.2,8,4,8,4,7,5,6,5,3,3,5,1,2,6,7,4,5,5,6,7,5,7,3,2,4,4,4,5,7,3
Giannis Antetokounmpo,By Year,2020-21,1610612749,MIL,2021-05-15T00:00:00,61,40,21,0.656,33.0,10.3,18.0,0.569,1.1,3.6,0.303,6.5,9.5,0.685,1.6,9.4,11.0,5.9,3.4,1.2,1.2,0.9,2.8,7.7,28.1,6.7,53.9,41,7,50.9,12,8,9,5,6,6,7,4,2,2,4,5,7,7,9,6,7,4,5,5,6,8,10,5,6,3,7,8,3,7
Giannis Antetokounmpo,By Year,2019-20,1610612749,MIL,2020-08-11T00:00:00,63,51,12,0.81,30.4,10.9,19.7,0.553,1.4,4.7,0.304,6.3,10.0,0.633,2.2,11.4,13.6,5.6,3.7,1.0,1.0,1.1,3.1,8.2,29.5,10.8,56.6,56,4,54.1,10,2,12,1,11,4,3,6,1,1,3,8,5,11,2,1,1,7,3,8,10,6,6,4,5,1,3,2,7,1
Kawhi Leonard,By Year,2023-24,1610612746,LAC,2024-03-31T00:00:00,68,44,24,0.647,34.3,9.0,17.1,0.525,2.1,4.9,0.417,3.7,4.2,0.885,1.2,4.9,6.1,3.6,1.8,1.6,0.9,0.4,1.4,4.2,23.7,5.8,42.2,4,1,40.5,3,6,1,11,1,3,5,1,3,5,2,7,8,3,5,9,8,4,7,9,3,11,11,5,6,9,5,10,1,5
Kawhi Leonard,By Year,2022-23,1610612746,LAC,2023-04-09T00:00:00,52,33,19,0.635,33.6,8.6,16.8,0.512,2.0,4.8,0.416,4.7,5.4,0.871,1.1,5.4,6.5,3.9,1.7,1.4,0.5,0.5,1.6,4.1,23.8,4.2,41.6,4,0,40.1,10,11,3,12,4,6,7,4,4,7,3,5,5,6,7,6,5,3,8,12,9,8,7,6,5,11,6,10,3,6
Kawhi Leonard,By Year,2020-21,1610612746,LAC,2021-05-13T00:00:00,52,36,16,0.692,34.1,8.9,17.5,0.512,1.9,4.9,0.398,5.0,5.7,0.885,1.1,5.4,6.5,5.2,2.0,1.6,0.4,0.5,1.6,4.5,24.8,8.6,44.2,9,0,42.4,10,10,6,9,2,4,4,3,6,6,5,4,4,2,10,5,6,1,3,11,11,4,8,4,4,2,3,5,3,3
Kawhi Leonard,By Year,2019-20,1610612746,LAC,2020-08-12T00:00:00,57,41,16,0.719,32.4,9.3,19.9,0.47,2.2,5.7,0.378,6.2,7.1,0.886,0.9,6.1,7.1,4.9,2.6,1.8,0.6,0.7,2.0,6.0,27.1,8.4,47.4,13,1,46.0,9,8,6,6,7,1,1,12,1,1,8,2,3,1,11,1,3,2,1,3,7,2,2,1,1,3,1,3,1,1
Stephen Curry,By Year,2023-24,1610612744,GSW,2024-04-12T00:00:00,74,43,31,0.581,32.7,8.8,19.5,0.45,4.8,11.8,0.408,4.0,4.4,0.923,0.5,4.0,4.5,5.1,2.8,0.7,0.4,0.7,1.6,3.6,26.4,2.6,40.0,7,0,43.1,7,8,4,10,11,5,4,13,5,2,13,8,9,4,15,8,9,16,14,16,3,5,15,8,5,12,12,11,6,10
Stephen Curry,By Year,2022-23,1610612744,GSW,2023-04-09T00:00:00,56,30,26,0.536,34.7,10.0,20.2,0.493,4.9,11.4,0.427,4.6,5.0,0.915,0.7,5.4,6.1,6.3,3.2,0.9,0.4,0.7,2.1,3.9,29.4,4.8,46.8,12,1,49.3,13,13,7,12,4,3,2,3,4,5,8,5,5,9,8,1,1,8,6,15,6,3,10,5,3,8,3,5,4,3
Stephen Curry,By Year,2021-22,1610612744,GSW,2022-03-16T00:00:00,64,45,19,0.703,34.5,8.4,19.1,0.437,4.5,11.7,0.38,4.3,4.7,0.923,0.5,4.7,5.2,6.3,3.2,1.3,0.4,0.6,2.0,3.5,25.5,8.0,43.1,12,2,44.8,11,6,9,6,5,8,6,15,6,4,15,6,6,5,14,3,5,7,4,11,5,9,12,10,7,6,9,5,2,6
Stephen Curry,By Year,2020-21,1610612744,GSW,2021-05-16T00:00:00,63,37,26,0.587,34.2,10.4,21.7,0.482,5.3,12.7,0.421,5.7,6.3,0.916,0.5,5.0,5.5,5.8,3.4,1.2,0.1,0.9,1.9,4.6,32.0,3.9,47.9,8,0,51.3,12,11,7,8,7,1,1,6,1,1,11,1,1,7,16,2,2,13,2,12,16,1,14,1,1,10,2,10,6,2
Stephen Curry,By Year,2019-20,1610612744,GSW,2020-03-05T00:00:00,5,1,4,0.2,27.9,6.6,16.4,0.402,2.4,9.8,0.245,5.2,5.2,1.0,0.8,4.4,5.2,6.6,3.2,1.0,0.4,0.8,2.2,3.8,20.8,-9.0,37.9,1,0,37.8,16,16,16,16,16,14,13,16,13,10,16,3,3,1,2,7,6,6,5,14,2,2,9,6,13,16,13,16,6,13
Draymond Green,By Year,2023-24,1610612744,GSW,2024-04-12T00:00:00,55,33,22,0.6,27.1,3.4,6.8,0.497,0.9,2.3,0.395,1.0,1.3,0.73,1.4,5.9,7.2,6.0,2.5,1.0,0.9,0.3,3.0,2.2,8.6,3.1,29.5,10,1,26.5,11,12,7,9,11,6,7,3,6,8,1,11,12,5,3,9,7,9,8,12,9,5,5,6,6,10,10,7,6,10
Draymond Green,By Year,2022-23,1610612744,GSW,2023-04-09T00:00:00,73,41,32,0.562,31.5,3.4,6.5,0.527,0.5,1.8,0.305,1.1,1.5,0.713,0.9,6.3,7.2,6.8,2.8,1.0,0.8,0.3,3.1,2.0,8.5,4.7,30.1,11,0,26.7,6,9,3,11,5,5,8,1,10,11,7,9,9,6,10,7,8,7,5,11,10,10,3,7,7,5,8,6,10,9
Draymond Green,By Year,2021-22,1610612744,GSW,2022-04-10T00:00:00,46,34,12,0.739,28.9,2.9,5.6,0.525,0.3,1.2,0.296,1.3,2.0,0.659,1.0,6.3,7.3,7.0,3.0,1.3,1.1,0.3,3.0,2.0,7.5,4.2,30.9,4,1,27.0,12,11,12,4,9,8,12,2,12,12,9,7,6,13,8,6,5,5,2,9,5,6,8,8,9,7,7,11,6,7
Draymond Green,By Year,2020-21,1610612744,GSW,2021-05-16T00:00:00,63,35,28,0.556,31.5,2.7,6.0,0.447,0.5,2.0,0.27,1.1,1.4,0.795,0.9,6.2,7.1,8.9,3.0,1.7,0.8,0.2,3.1,1.9,7.0,3.8,33.4,17,6,28.5,10,10,5,12,6,11,10,6,11,10,12,8,10,2,11,8,9,1,3,2,11,12,4,11,11,9,5,4,2,5
Draymond Green,By Year,2019-20,1610612744,GSW,2020-02-27T00:00:00,43,10,33,0.233,28.4,2.9,7.3,0.389,0.8,3.0,0.279,1.5,1.9,0.759,0.5,5.7,6.2,6.2,2.3,1.4,0.8,0.3,2.6,1.9,8.0,-4.5,28.9,8,2,25.5,13,13,2,13,10,9,6,12,7,6,11,6,7,4,13,10,10,8,10,7,12,9,12,9,8,13,11,8,5,11
Lebron James,By Year,2023-24,1610612747,LAL,2024-04-14T00:00:00,71,41,30,0.577,35.3,9.6,17.9,0.54,2.1,5.1,0.41,4.3,5.7,0.75,0.9,6.4,7.3,8.3,3.5,1.3,0.5,0.8,1.1,4.3,25.7,3.1,48.8,27,5,46.9,14,16,7,17,18,16,20,5,6,7,1,19,19,11,20,11,16,5,12,17,21,7,22,19,16,15,15,12,9,14
Lebron James,By Year,2022-23,1610612747,LAL,2023-04-09T00:00:00,55,30,25,0.545,35.5,11.1,22.2,0.5,2.2,6.9,0.321,4.6,5.9,0.768,1.2,7.1,8.3,6.8,3.2,0.9,0.6,0.9,1.6,5.0,28.9,3.9,50.3,18,2,49.2,20,19,11,18,17,3,2,14,4,2,18,16,17,4,10,4,4,15,19,22,17,6,16,17,5,13,13,18,17,8
Lebron James,By Year,2021-22,1610612747,LAL,2022-04-01T00:00:00,56,25,31,0.446,37.2,11.4,21.8,0.524,2.9,8.0,0.359,4.5,6.0,0.756,1.1,7.1,8.2,6.2,3.5,1.3,1.1,0.8,2.2,5.5,30.3,-2.1,53.0,21,6,52.3,19,22,5,21,13,1,4,7,1,1,9,17,16,7,11,5,5,20,10,16,3,10,4,13,2,22,6,16,8,3
Lebron James,By Year,2020-21,1610612747,LAL,2021-05-16T00:00:00,45,30,15,0.667,33.4,9.4,18.3,0.513,2.3,6.3,0.365,4.0,5.7,0.698,0.6,7.0,7.7,7.8,3.7,1.1,0.6,0.6,1.6,4.6,25.0,6.4,47.0,18,5,46.0,22,19,20,11,22,19,17,9,2,4,6,20,21,18,22,6,11,8,5,20,19,17,18,18,20,10,20,18,9,16
Lebron James,By Year,2019-20,1610612747,LAL,2020-08-13T00:00:00,67,50,17,0.746,34.6,9.6,19.4,0.493,2.2,6.3,0.348,3.9,5.7,0.693,1.0,6.9,7.8,10.2,3.9,1.2,0.5,0.9,1.8,5.1,25.3,6.6,51.3,46,13,49.0,17,8,17,4,21,17,10,15,3,3,12,21,20,20,17,7,9,1,4,19,20,5,11,16,17,8,11,2,2,10
